,Text,Clear,Warm,Cloudy,Snow,Cold,Windy,Raining,Bad Weather,Sick Count
0,"clear. i have been at home, helped wash. joanna smith worked for me this day. mrs dunfee & daughter ballard took tea here. at home.",True,False,False,False,False,False,False,0,0
1,"clear. i have cutt grass, sage and feverfue [&] burnit. went afternoon to see son ephraim*s wife, find her more comfortable. her babe seems cleverly. cyrus been down to the settlement. informs me that ebenz town*s youngest child expired yesterday day. at mrs farewel*s, find them more comfortable. a death.",True,False,False,False,False,False,False,0,0
2,"clear. i have scolt the bedroom and bed stead to kill buggs, and done other matters. mrs densmore to her son*s after breakfast. at home. haman sleeps here.",True,False,False,False,False,False,False,0,1
3,"clear. i left my son*s at 10h morn, the babe seemd very sick. i left her marm there. son jonathan*s wife went down. i have felt almost sick since i came home. at deloes, and returnd home quite fatagued.",True,False,False,False,False,False,False,0,2
4,"cloudy morn, began to rain at 11h morn. mrs farewel came from my son*s where shee tarried last night, is all yesterday night here. a severe storm. haman to n. parish, tarries all night. leml to our meeting, lathrop waetcht with j. woodward tast night. at home. mrs farewel here.",False,False,True,False,False,False,True,1,0
5,"clear and pleast. cyrus cut his ankle but went to mill afterwards. i finisht mr ballard a pair legins, have been at home. at home.",True,False,False,False,False,False,False,0,1
6,clear. son lambard came for me and i went home with him. at son lambard*s.,True,False,False,False,False,False,False,0,0
7,"clear. at dot s, finisht allen socks. at ditto.",True,False,False,False,False,False,False,0,0
8,"a severe snow storm. i have been knitting, finisht a stockin for cyrus & began another. at home.",False,False,False,True,True,False,False,2,0
9,"clear. son lambard came and conducted me to his house to see his hond mother. i tarried all night. at son lambard*s, his [marm] also.",True,False,False,False,False,False,False,0,0
10,"clear. i am at ditto, began my hoes. at ditto.",True,False,False,False,False,False,False,0,0
11,"clear. i went from son lambard*s to son ephraim*s, then came home and returnd to lambard*s. mrs savage there. at ditto & at son ephraim*s.",True,False,False,False,False,False,False,0,0
12,"clear. i have been to meeting, was at shubael pitts*s at intermition; all well there. my husband bords there. robert williams desired prayers on ye death of a brother. at meeting.",True,False,False,False,False,False,False,0,1
13,"the storm abated foren. mrs farewel went home after breakfast. very stormy at night. i do not feel very well, have sorted beens and doubled yarn. at home. mrs farewel wenthome.",False,False,False,False,False,False,False,0,0
14,"clear. i am at my son*s, the babe is much the same. the scurf comes of its mouth some. mrs farewel and sally there. at my son*s, the babe is no better.",True,False,False,False,False,False,False,0,0
15,clear. cyrus went to meeting. mr purington & his mother dind here. at home. leml slept here.,True,False,False,False,False,False,False,0,0
16,clear part of the day. i have sett [120] cabbage and turnip plants and done other matters in my gardin. baked cake and done house wk. son ephraim gave joanna smith an order on p. t. voce for 12/. at home. joanna washt fr me.,True,False,False,False,False,False,False,0,0
17,"clear. i worked in the door yd forenn, did my ironing afternoon. sally farewel calld here. i have felt very feeble yesterday day. at home.",True,False,False,False,False,False,False,0,0
18,"clear. i have done my house work and attended to my plants. covered and uncoverd them. done some washing for my nephew but what pain i have endurd in my left knee & legg. mr waters calld son jonathan & wife to see me. they went home [again]. at home, very ill at evening.",True,False,False,False,False,False,False,0,1
19,"cloudy & showers. i went to son ephraim*s after i had done my morning work, find the babe very unwell; tarrie yesterday night. at son ephraim*s.",False,False,True,False,False,False,True,1,1
20,clear. i have cleand my buttery. lemuel had soap here. mr purington*s mother sleeps here. shee is on her way from varsalboro home. at home.,True,False,False,False,False,False,False,0,0
21,"clear and warm. i have felt not so well as i could wish. mrs farewel calld and took tea with me. son ephraim been down to ye settlement, he sleeps here this night. at home. mrs farewel here.",True,True,False,False,False,False,False,0,0
22,"clear. i have been at home, worked in my gardin the most of the day. mrs farewel calld here, we [have] brewd. at home. mrs farewel calldhere.",True,False,False,False,False,False,False,0,0
23,clear. i am at son lambard*s. at ditto.,True,False,False,False,False,False,False,0,0
24,raind. i have been at home. mrs farewel spun some. at home.,False,False,False,False,False,False,True,1,0
25,"clear and cold. mr gill conducted me to his house. son lambard, his marm and wife and widdow town there. my husband dind & took tea there. i sleept there. at mr gill*s with my husband & others.",True,False,False,False,True,False,False,1,2
26,"clear. son l. conducted me to meeting. i went to mr pitts*s at intermition, my husband is well. my son went home with his wife and children, and returnd and brot me home. at ditto & at meeting.",True,False,False,False,False,False,False,0,0
27,cleare. i have been at home. brother lambard here. mrs farewel walkt to mr bennet*s. at home.,True,False,False,False,False,False,False,0,0
28,"snowd. at son lambard*s, wrote to samuel wheaton. at son lambard*s.",False,False,False,True,True,False,False,2,0
29,"clear and very pleast. i worked in my gardin part of ye day cuting the old fence. daughter ballard came here, mrs smith calld in on business with her. we dind on a loin of roast veal. mrs andrews spint afternoon here. at home. daughter ballard, mrs smith &mrss andrews here.",True,False,False,False,False,False,False,0,0
30,"clear. lemuel and jack ballard went to meeting to ye uper parsh. called to see joseph woodward, find him insane. i have been at home, joanna went to son jonathan*s. at home.",True,False,False,False,False,False,False,0,0
31,"clear. i have been at home. mrs densmore went to her son*s and returnd here to sleep, mrs farewel sleeps here allso. at home.",True,False,False,False,False,False,False,0,0
32,clear. i went to meeting. the babe is no better. rachel smith*s nose bled the most of the night. i am at my son*s. at meeting and at son ephraim*s.,True,False,False,False,False,False,False,0,0
33,"clear. i have workt in my gardin, sett 24 plants, transplantd w squash & cucumbers. mrs stone calld to see me. mr lambard and waters went to son pollard*s, jonathan & wife allso. my nepheu sleeps here. at home. mr waters sleeps here.",True,False,False,False,False,False,False,0,0
34,"clear except showers afternoon. mr waters left our house at 4h pm to go on board a vessil for boston. i have worked in my gardin, transplanted cucumbers. sett them east side the house. betsy worked for me. at home. mr waters left here for boston.",True,False,False,False,False,False,True,1,0
35,"clear. mrs cleark deld at 8h morn of her 6th child & 4th daughter. a fine child and is as well as could be expected. i went to mr bisbe*s, hanksey*s and sett out home. calld at s. bolton*s, dind at son pollard*s, s. bolton*s and bracket*s. reacht home before sun sett. lemuel sleeps here, says the babe is no better. at mr cleark*s. birth 6th. recvd 9/ as a compensation.",True,False,False,False,False,False,False,0,0
36,"clear. i have done my work, washt n. room & kitchen, stares & entry floors. mr [wilson] sleeps here. at home, washt floors. cyrus carrid 13 lb wool to ye meshene.",True,False,False,False,False,False,False,0,0
37,"clear. sally church washt. daughter ballard dind here. sally requests /9d for her work. i have not paid her. at home, feel very feeble.",True,False,False,False,False,False,False,0,0
38,"cloudy and rain. i have been at home, finisht a pair tow & cottne hoes for son cyrus and began another. son ephraim been to ye settlement, informs me the freshet is so high that the water is swiming deep ouer ye mill brook bridg. at home.",False,False,True,False,False,False,True,1,1
39,"clear. i have workt in my gardn, sowd early pea*s. feel fatagued. joanna washt. at home. sowd pea*s.",True,False,False,False,False,False,False,0,0
40,clear. [w ] sent dinner to ephraim & 5 men. i have fatagued to heat my oven for want of wood sutable. at home.,True,False,False,False,False,False,False,0,0
41,clear. polly allen went home. mr lambard gave her 3/ for her [service]. at ditto.,True,False,False,False,False,False,False,0,0
42,"clear and very pleast. i have been at home, knit on a stockin for son cyrus and helped do house work. at home.",True,False,False,False,False,False,False,0,0
43,"clear. at ditto, knit & made pies. at ditto.",True,False,False,False,False,False,False,0,0
44,clear. at home. jonathan*s children here. at home.,True,False,False,False,False,False,False,0,0
45,snowd. lucy is very unwel. mr petingail butchered a cow for son lambard. at ditto.,False,False,False,True,True,False,False,2,1
46,"clear and pleast till near night, began to snow at 9h evening. mr dingley brot his marm stackpol here foren. we had an agreable visit. he came and conducted her home at evening. cyrus, haman and lydia went to son lambard*s at evening. i have been here alone, brot wood into the n room after 9 o clock. at home. old lady stackpol made me a visit thisday.",True,False,False,True,True,False,False,2,1
47,"clear. i feel very unwel but went to son ephraim*s, find him [wounded]. left my daughter better. it is thanksgiving day. [at ditto] & at son ephraim*s.",True,False,False,False,False,False,False,0,1
48,"clear. i have gathered chips s. side of my gardin, broke the old logg fence to pieces and kept fire to do my work. mercy here to bake for my son*s famely. shee spun thread, doubled and twisted it. i feel very much fatagued with the wk i have done. at home. 4 of [my] son*s childndine here.",True,False,False,False,False,False,False,0,0
49,"clear morn, cloudy the most of this day. i have removd catnip roots, set some french turnips. ephraim brot 2 new cottne [ ] shirts for haman, sally washt. at home, workt in the gardinsome.",True,False,True,False,False,False,False,0,0
50,"clear and warm. haman slept. i have been cleaning house and went to son jonathan*s to tea, mrs farewel with me. shee informs me that shee has lost her swine. at son jonathan*s. mrs farewel sleeps here.",True,True,False,False,False,False,False,0,0
51,"clear. i left mr gill*s after breakfast, calld at mr crag*s & pitts*s. reacht my son*s at 12 [o] clock. at _ past was calld from there to belgrade to sherebiah cleark*s. reacht there at 3h pm, find his wife in labour. shee linguered thro the night. at belgrade.",True,False,False,False,False,False,False,0,1
52,"cloudy and some rain, thunder at evening. cyrus went and carried green*s to son ephraim*s. i have sett cabbages and wed my beets & carrotts. son lambard sent me 2 qts spirit by cyrus. i am in great pain in my left legg. at home, worked in my gardin part of the day.",False,False,True,False,False,False,True,1,0
53,"clear. i have been exercised with pain in my limbs but have helped do my work. betsy church came this morn to help me. we bakt some pies and bread. mrs farewel calld here, says that son ephraim*s wife is feeble yet. mr waters took breakfast, dind & supt with me. i had roast lamb & green pea*s. at home. we had green pea*s. i wroteto sister walers.",True,False,False,False,False,False,False,0,0
54,"clear. mr waters went from here to go to brother ebenz moore*s & dr barton*s, jonathan gone with him. sally farewel calld here. shee had been to ye stores for cloathing for son ephraim*s babe. hannah ballard went to draw her aunts breasts, returnd at evening. says her aunt is quite unwel this afternoon. i have cut grass, houghd the polatoes west side ye house. feel fatagued. at home.",True,False,False,False,False,False,False,0,1
55,clear. mr bennet brot mrs farewel*s furneture here and shee came here to reside. at home. mrs farwl came here to reside [fr] ye present.,True,False,False,False,False,False,False,0,0
56,"clear and cool. i have done my house work and some in my gardin. joanna smith worked here, spun 2 skeins of [cotten] yarn and did some chors. sally farewel calld and took tea with me, informs that son ephraim*s infant has a soar mouth. at home. sally farewel informd that ephmsbabe has a soar mouth. it is 7 months since my husband wentto jail.",True,False,False,False,True,False,False,1,0
57,"raind the most of yesterday day, stars appeared at evening. i have been knitting on cyrus*s hoes. at home.",False,False,False,False,False,False,True,1,0
58,"clear. i have been at home. son ephraim and haman & luke got wood for me. sister farewel took tea with me. george ulmer of lincolnville here, wishes to have cyrus go and take care of and tend a grist mill of his. at home, mrs farew here.",True,False,False,False,False,False,False,0,2
59,"clear and warm for ye season. i have washt, ironed and pikt up wd. at home.",True,True,False,False,False,False,False,0,0
60,snowd and blowd. i have been knitting. lydia ironed and did house wk & [twisted] yarn. jonathan sett out yesterday for hay. at home.,False,False,False,True,True,True,False,2,0
61,clear. lucy is much better. i have been there. our swine butcherd at [son] ephraim*s. at ditto.,True,False,False,False,False,False,False,0,0
62,"clear and cold. dr coney was calld to see lucy lambard, gave an emetic which relievd her. at ditto.",True,False,False,False,True,False,False,1,0
63,clear. lydia came home and washt. i have began a legin for my husband. cyrus went and carried a trunk and his books of acount to him. at home.,True,False,False,False,False,False,False,0,0
64,clear and so cold. at home. at home.,True,False,False,False,True,False,False,1,0
65,"clear. i went to see mrs getchel, find her very unwel. i was not able to do her any service and returned soon. i have seene 69 years this day. at my son*s. i am 69 yrs old ysday.",True,False,False,False,False,False,False,0,1
66,raind. i have been at home knitting. joanna did house work and went to my son*s to lwist yarn on my wheal. at home.,False,False,False,False,False,False,True,1,0
67,"clear part of ye day, some showers. joanna washt. i worked in my gardin and did house wk. shee went home some time before night. luke barton came and conducted sally pollard from here. cyrus been to his brother ephraim*s, the infant is not well. at home. mr purington calld here. sally went home.",True,False,False,False,False,False,True,1,0
68,clear. mrs densmore left here to go to bodinham. mrs farewel went down to son ephraim*s. at home. mrs densmore left here.,True,False,False,False,False,False,False,0,0
69,"clear except a sprinkling of rain. i have been at home, felt very feeble but have had to do my house work. joanna babcock came for some cloaths shee left here. mr waters supt and sleeps here. cyrus been to carry wool to the masheen for daughter ballard. at home. mr waters sleeps here.",True,False,False,False,False,False,True,1,0
70,"clear & cloudy alternately. i have been exercised with much pain but have had my work to do. daughter lambard came in to see me, shee was going to the quarterly meeting of the methodist society. mr waters attended at that meeting. haman burr calld and took tea here. at home, very unwell. daughter lambard calld to see me.",True,False,True,False,False,False,False,0,1
71,"clear. i have worked in my gardin. mrs church, phebe and daughter ballard & 3 children here to tea. rhod, hannah & dolly sleep here. the former is 10 years old this day. at home, had company afternoon. worked in gardin foren.",True,False,False,False,False,False,False,0,0
72,"clear and cold. mr thompson brot me wood, _ cord & cut it and i brot it into ye house. mrs farewel has been to mr pain*s, shee walkt. at home.",True,False,False,False,True,False,False,1,0
73,"clear and cold. i have done my house work. cyrus doing mallers out doors and went to mill. he was at magr heath*s to see his father, finds him well. at home. jonathan runels expired thisnight.",True,False,False,False,True,False,False,1,1
74,"cloudy. i have been washing potatoes for jonathan*s swine. brot wood from the old fence. son ephraim dind here. lemuel sleeps here. sally farewel went to jonathan*s, her marm to eliab shaw*s. at home. son ephraim here.",False,False,True,False,False,False,False,0,0
75,"clear and pleast for ye season. i have been at home. cyrus went and conducted lydia nud here to help me. mrs getchel and her youngest child here; sleep with us, son ephraim allso. jonathan conducted his wife from son pollard*s. at home. mrs getchl here. lydia nudcame here at 8h evening.",True,False,False,False,False,False,False,0,0
76,"clear and pleasant to what we have had. i have done my house work, brot in snow to melt to tend my leach and many other matters. cyrus has been to see his father, finds him well. son jonathan*s man brot us a load of wood. i wish to retain my reason if it be the wil of the great parent of ye univirse. at home. some what disconposed in mymind.",True,False,False,True,True,False,False,2,0
77,"cloudy and some rain. i am at son lambard*s, thomas very ill. mrs fletcher came to sett up with him, mrs savage and i sett allso. w thought him expiring at midnight but he revivd a little alternd, again at 2h morn. at ditto. the child very ill. i settup the most of ye night.",False,False,True,False,False,False,True,1,2
78,"cloudy. i was at my son*s till 3h pm when i set out for home, was very ill all night. cyrus got up in the night to wait of me. at son pollard*s, he is not well.",False,False,True,False,False,False,False,0,2
79,"clear. phebe church workt here. i paid her /9d. i was calld at noon to go and see lucy shaw (who was at mr a. bracket*s) in labour and was safe deld about 2h pm of a daughter. shee declared that david edwards was the true father of the child. i left her comfortable and reacht home before sunsett, find joanna babcock here. shee is come to do our work. at mr anthony*s bracket*s to see lucy shaw. birth2nd. out of wedlock. mrs trask sleeps [here]. feerecd decr. 4th.",True,False,False,False,False,False,False,0,0
80,"clear. i have been at home. mrs farewel here, mrs burten allso. my husband worked at ye school house. at home. mrs burten & farewel here.",True,False,False,False,False,False,False,0,0
81,"clear day, thunder & rain at night. i helped joanna wash. at home, washt.",True,False,False,False,False,False,True,1,0
82,"clear part of the day. i have houghd cabbages & cucumbers, done my house work; feel fatagued. i sent a branch of a curent bush to my husband, gave one to son ephraim. they were very full of frute. mrs farewel and smith & her daughter lucy here. at home, houghd plants. cyrus been to the settlement.",True,False,False,False,False,False,False,0,0
83,"house, find patty doore very sick. at my son*s jonathan*s. ",False,False,False,False,False,False,False,0,1
84,clear till night when we had a heavy shour. the men cleand our well. i have been takeing care of things in my gardin and went and helped pally out of bed and drisst her blisters &c. at son jonathan*s. patty is very sick.,True,False,False,False,False,False,False,0,2
85,"a very rainy day. cyrus is gone to see the review. i have been out in the rain after the swine and other matters and feel much fatagued. at home, out in the rain after hoggs &c.",False,False,False,False,False,False,True,1,0
86, with my children. the babe expired at mid night.,False,False,False,False,False,False,False,0,0
87,"clear morn, cloudy afternoon, rain at night. haman took tea here, daughter ballard, wm, martha, and sally pierce allso. sally polld been to meeting. at home. daughter baldhere after noon. i churnd 4 lb butter.",True,False,True,False,False,False,True,1,0
88,"clear and pleast. daughter lambard, son*s jonathan, ephraim and their wives dind here. i felt very unwel. this morning joanna smith came and did my work. [at home. part of my children here].",True,False,False,False,False,False,False,0,1
89,"clear and very warm. my patient was safely deld of her 9th child & 3d daughter at 3h 30m yesterday morn, and is cleverly. i tarried till mrs coner came to nurs and came home attended [by] harnon barton. daughter ballard came and took tea. son ephraim & prentiss to wk at the school house, my husband allso. at ditto. daughter ballard here to tea. birth 4th. recvd 1 gln gin [and] 1 bushl corn.",True,True,False,False,False,False,False,0,1
90,"clear. i have done my house work but very [ ] unable. lemuel went went [sic] to son pollard*s for oliv fletcher but shee did not come with him. haman went to mr church*s for phebe, shee promist to come to morrow. lathrop sleeph here. ",True,False,False,False,False,False,False,0,0
91,"clear. mrs trask deld of a son at 5h 30m yesterday morn. i have felt very unwell. came from there to son pollard*s, tarrie all night. my daughter nurst me. at mr trask*s. birth 7th. recvd 9/ as rewd.",True,False,False,False,False,False,False,0,1
92,"rainy. i am some easier, am with my children. thomas is very ill. mr gill wattct. they calld me up thinking he was expiring but he revived. at my son lambard, thomas no better.",False,False,False,False,False,False,True,1,2
93,clear and not so cold. son lambard brot his wife and babe and suky capin here. i have done my washing and house work. daughter ballard and part of her children here. shee informd me that james duttin of reedsfield expired last night. ephraim leighton sleeps here. at home. daughter lambard to see me.,True,False,False,False,True,False,False,1,0
94,clear part of yesterday day. i have been at home. ephraim took break fast here. at home. burr went down [below].,True,False,False,False,False,False,False,0,0
95,"clear. i have washt and brot burthens of wood for to burn, feel fatagued. at home.",True,False,False,False,False,False,False,0,0
96,"cloudy, very high wind from ye west. i have done my house work but very unable. at home.",False,False,True,False,False,True,False,0,0
97,"at ditto forrn, came home aftn. the boys had burnt my wood and i got more, was scik at night. at ditto. sally went to son ephraim*s.",False,False,False,False,False,False,False,0,0
98,"clear. i came from my son*s after noon, got home about sun sett. at ditto & mr pitts*s.",True,False,False,False,False,False,False,0,0
99,at ditto. my husband breakfasted there. ditto.,False,False,False,False,False,False,False,0,0
100,"clear and more pleast. mr waid came and butchered our swine. i have done my work. daughter ballard and mrs smith here to tea. cyrus _ bushel salt of thomas pitts, did not pay for it. at home. mr waid informd that captlittlefield was dead; hartson coney allso dead.",True,False,False,False,False,False,False,0,0
101,"clear part of the day. mrs warin calld here. i have been very ill till after n. joanna smith came and helped me. i was so much better that i eat some dinner. i have drank gruel and took no medisin since i was taken ill. at home, very unwel. joanna smith here.",True,False,False,False,False,False,False,0,4
102,snowd part of the day. daughter lambard and pollard here. my comfortors are much as jobs were. [o] that my patience may hold out and may i see good acording to the days in which i have been afflicted. at home but in a situation of sorrow. mr kingsley*s 3d son born.,False,False,False,True,True,False,False,2,0
103,"clear. thomas expired at 5h and 20m yesterday morn. mrs savage and fletcher put his grave cloaths on and tarried till after breakfast. daughter polly, mrs gill, betsy [kumbal] helped them sew. i have been very feeble but am there. may god sanctify this bereevment to us all. at ditto. thomas expired at 5h 20m morn.",True,False,False,False,False,False,False,0,2
104,"clear part of yesterday day. i have done my house work and cleand ye chambers, mended stockins &c. i do feel very much fatagued. at home.",True,False,False,False,False,False,False,0,0
105,"clear and pleast part of the day, snowd and raind at night. son jonathan, his wife [&] 3 children took tea here. son ephraim has seen 25 years this day. at home. jonathan, his wife and part of the children here. son ephraim*s birth day.",True,False,False,True,True,False,True,3,0
106,"clear. i have done part of my house work and worked in my gardn. sowd cabbage seed north of ye house, sett 6 apple trees. ",True,False,False,False,False,False,False,0,0
107,"clear. cyrus only of my famely attended public worship. daughter pollard, her daughter sally and oliv fletcher dind with me, lemuel allso. we had string beens & green pees. son*s pollard, ballard*s & part of their children here afternoon. at home. son pollard & wife &sally and samuel here. betsy church [went] home to see her folks.",True,False,False,False,False,False,False,0,0
108,"rainy. the old lady here all day, shee & hannah and sally sleep here. mrs bunker and saunders calld here. i finisht picking my black wool. at home, not very well.",False,False,False,False,False,False,True,1,0
109,"clear part of ye day. i went to son jonathan*s to see patty, find her much as shee has been. daughter ballard informd me [that] betsy andrews was deld of a fine son this morn 3m after mid night. i have been unwell, was much relaxt last night. sally farewel is in ye same situation. at son jonathan*s. pally is much as shee was. funeralof chase*s infant.",True,False,False,False,False,False,False,0,1
110,"clear. lemuel came for me to to to my son*s again. i find them [mourning] the loss of their dear babe. may god sancktify this berievement to them and to us all. mr frost*s babe is very sick again. at my son ephraim*s, the babe 12 weaks lacking 5 hours.",True,False,False,False,False,False,False,0,1
112,"raind part of ye day. i have done my house work and been to see pally. shee is much as shee was, her marm is with her. i have had a sick [night]. at son jonathan*s, mrs farewel came homeaftern.",False,False,False,False,False,False,True,1,1
113,clear. i have done various kinds of work. old lady arnold left here forenn. sally & betsy church calld in here. nancy titcomb & parthenia pitts here to eat curents. at home. lathrop & burr here. ephraim took supperhere. x,True,False,False,False,False,False,False,0,0
114,"clear. i workt in my gardin and pikt some wool. daughter pollard came from son lambard*s here and went home. shee informd me that mrs jones*s soar had been opened and that polly pollard had got her self into business. leml here, informd that lathrop had a soar opened on his face by dr man. at son jonathan*s. daughter pollard went home.hannah & sally sleep here.",True,False,False,False,False,False,False,0,0
115,"clear and very pleast. son ephraim*s wife came this morn, has been mending cloaths for him & boys. i roasted veal for dinner, made rhubarb tarts afternoon. jonathan and wife & wm here to tea. joanna washt part of my wool. at home. jonathan & epmwives here. lathrop is not so well as he was yesterdy.",True,False,False,False,False,False,False,0,0
116,"snowd and raind. i have been at home, helped some about house and knit some. joanna finisht a pair of mitins. at home.",False,False,False,True,True,False,True,3,0
117,"clear, a pleast sun but cool air. i have been at home, feel very feeble but had my work to do. shaw went to sydni. at home.",True,False,False,False,True,False,False,1,0
118,"clear. i tarried till ye 11th h and sett out for home. calld at dr coney*s to see linda getchel who is very sick there. i calld at son jonathan*s to see jack pierce, he is thought to be some better. daughter pollard calld and took tea and then went on to son lambard*s. haman bur went with her. at ditto, dr coney*s & son jonathan*s.",True,False,False,False,False,False,False,0,2
119,"clear and cool. i have been very unwel. phebe church came at 9 hou. son pollard, his wife & rhoda and dolly here at evening. at home. daughter pollard sleeps here.",True,False,False,False,True,False,False,1,1
120,"clear. i was taken at ye 11th hour with a most excrutiating pain in my breast, took a fue drops of campfr. got some easier but had ye pain return a number of times in the coars of ye day. son lambard here for me to go and see thomas but i was so sick i could not go. at home, very sick. son lamb here for me to go and see his son thomas.",True,False,False,False,False,False,False,0,2
121,"clear and prity cold. i have done my work tho not able to sett up all day. jonathan came and cut my pork and i salted it. his wife & 3 children gone to sydney. jack [returned] in the night, mrs getchel with him. at home.",True,False,False,False,True,False,False,1,0
122,at ditto. my husband breakfasted there. son town sleeps there. ditto.,False,False,False,False,False,False,False,0,0
123,"clear part of ye day. son jonathan came here this morn and treated me very unbecomingly indead. o that god would chang his stuborn heart and cause him to behave in a cristion like maner to parents and all others. i came home on monday and past the above sien yesterday. i have brot wood from the old fence above here to boil potatoes for son jonathan*s swine. he has 8 in my hogs sty. at home. seeing sorrow, it was yesterday this sienpast.",True,False,False,False,False,False,False,0,0
124,"cloudy & sun shine by turns. i have felt very unwel, but have had to do my work and did some mending. jonathan a and his wife here at evening. shee took tea. returnd some shee had borrowed and gave me some coffee. at home. jonathan a and wife here atevng.",False,False,True,False,False,False,False,0,1
125,"clear part of ye day, a snow storm came on at 4h pm. i have [sheld] corn. cyrus been down below. at home. jonathan*s men went to the woods.",True,False,False,True,True,False,False,2,0
126,raind. i am at son ephraim*s. at my son*s.,False,False,False,False,False,False,True,1,0
127,"cloudy all day, haild & snowd at night. i have been mending my cloaths. mrs farewel up to wm stone*s. at home, and corked my seller with hay.",False,False,True,True,True,False,False,2,0
128,clear. i was calld before morn to wm stone*s wife in labour. shee was deld at 9h morn of her 6th son and 8th child. i returnd afternoon. at wm stone*s. birth 1strecvd 6/ may 10th.,True,False,False,False,False,False,False,0,0
129,"clear and moderate. nabby hatch here on a visit. daughter ballard to bake. i gave ye former _ b*s apples for her marm. i went after sun sett to see jack pierce, find him very weak. he has had dr howard to see him who bled and gave an emettic. he seems very feeble. haman burr supt here and went to help take care of him. cyrus is gone to husk at mr [andrews]. i was calld in the night to ebenz trask*s wife who was in labour. his oldest son is sick. my hors thrue me as i went up. at son jonathan*s. nabby hatch here & dind.",True,False,False,False,False,False,False,0,1
130,"clear. i have done my house wk and other matters. went to son jonathan*s at evening, find jack pierce and le faett ballard sick. dr howard here to see mrs [farewel, left her phisec. it operated 10 times. i set with her till 10h evening. at son jonathan*s at evening.",True,False,False,False,False,False,False,0,2
131,"clear. son cyrus went to son lambard*s on business with him. son ephraim*s wife helped me do my work, went to her marms and returned. son jonathan here and shavd his brother cyrus perhaps for the last time as he is going to leav us tomorrow. at home, am very weak and feeble. ephraim*s wife here,helpt me do my work.",True,False,False,False,False,False,False,0,0
132,"clear. i have felt very unwel but have had my work to do. son ephraim*s wife here, took super. jonathan*s wife and part of her children here. son lambard been here. at home. my son cyrus to meeting.",True,False,False,False,False,False,False,0,1
133,"showers with thunder. i have been at home, done my work with sally*s help. cyrus brot 1 bushl indien meal home which mr gill sent me. he got 1 peck rie of mr mosier. at home.",False,False,False,False,False,False,True,1,1
134,clear. i have done my house work and some in my gardin. son ephraim calld here. at home.,True,False,False,False,False,False,False,0,0
135,"clear morn, raind before night. old mrs arnold, cleark, her 2 children, daughter ballard & mrs thompson took tea here. the old lady sleeps here. i have been unwel. betsy church left here. hannah & sally sleep here. at home, had compy. mrs farewel to tea here.",True,False,False,False,False,False,True,1,1
136,"cloudy morn, clear afternoon. mrs savage went to jonathan*s foren. i drest to go to meeting but could not have the hors. i went to see pally at evening, find her very thirsty. at son jonathan*s.",True,False,True,False,False,False,False,0,0
137,clear except a shower. it is our communion. i was at meeting fore noon. tarried with ephraim*s babe. mrs farewel went home. at meeting & at son ephraim*s.,True,False,False,False,False,False,True,1,0
138,at my son*s till ye 6th when i went home to see to my ,False,False,False,False,False,False,False,0,1
139,"clear part of ye day, raind afternoon & evening. i have done my house wk and some things in ye gardin. gathered ripe scarlit beens. had squash, shell & stringd beens and pork for diner. at home.",True,False,False,False,False,False,True,1,0
140,clear and cool. i have felt very unwel. mrs farewel calld here. i scolt the bed room and bed stead. betsy washt ye floor and buttery. hannah and sally sleep here. lemuel supt here. at home. daughter ballard [& mrs] farewel been here.,True,False,False,False,True,False,False,1,1
141,"clear. i have baked flour bread and brown, cherry & curent tarts. mrs pitts made me a visit, john with her. daughter ballard, mrs getchel and betsy andrews took tea with us. at home, had company. h. & s. p.& h. b. sleep here.",True,False,False,False,False,False,False,0,0
142,showers. mrs farewel came and took tea with me. i have felt very feeble but did my work. with sally*s help i churnd 3_ lb butter. at home. mrs farewel here.,False,False,False,False,False,False,True,1,0
143,"clear and warm. i have worked in my gardin and in the house and am much fatagued. the lord only knows when i shall be relivd. at home, worked in my gardin & planted [beens].",True,True,False,False,False,False,False,0,0
144,"clear but windy. i have been at home, feel very unwell. ephraim*s wife assisterd me to do my house work, her marm & sister calld here. i roasted a goos for supper which son town gave me. at home. cookt a goos which son town gave me 13th jany.",True,False,False,False,False,True,False,0,1
145,"clear. i have been at home. son and daughter pollard and his mother here yesterday afternoon. cyrus left here to go to tend mill for mr pullen at watervil. i wish him health and prosperety but, alas, how shall i do without him. at home. old mrs pollard, moses*s and his wife calldhere.",True,False,False,False,False,False,False,0,1
146,"clear. i went to see jack pierce before sun rise, find him very unwel. i have cutt pumkin to drie and done my house work and some in my gardn. at son jonathan*s yesterday morn.",True,False,False,False,False,False,False,0,1
147,"clear and cool. son ephraim brot his wife here. his prentis boy conducted daughter pollard and children home. son jonathan was here this day. he spake very indecently to me. i pray god to forgive the ofences of all who do ingure my feelings. may they consider they may be old and receiv like treatment. polly went to son jonathan*s, his wife & children are unwel. at home. daughter pollard & childnwent home. shee delivd me 7/6 on james blacksacount.",True,False,False,False,True,False,False,1,1
148,"clear. mrs farewel and i washt. mrs nason calld here. i baked me indien cake, the first bread i have had in my house this weak. at home. mrs nason here.",True,False,False,False,False,False,False,0,0
149,clear. i have been at home. cyrus down in town. at home.,True,False,False,False,False,False,False,0,0
150,"clear and cold. son ephraim & polly farewel, mr plumer & sally do and others went to son pollard*s. i have been at home, removd my bed from ye kitchen into ye n. room. son jonathan was in to see me but, alas, my husband i have not seen since ye 2nt inst. at home. mr plumer & sally farewel here. funeralof john bolton*s wife.",True,False,False,False,True,False,False,1,0
151,"clear part of yesterday day and cold, snowd at evening. lathrop sleeps here. i have done my house work & ironing. cyrus cut wood and helped at ye barn. at home. lathrop sleeps here. deathjohn bolton*s wife.",True,False,False,True,True,False,False,2,0
152,"clear. rachel town to meeting afternoon and did not return here. mrs getchel & babcock here. jonathan sent for me to go and dine there but i was not able, daughter pollard and children went. jonathan and his wife spent ye evening here. little ephraim sleeps here. at home. daughter pollard here this day, in part. shee slept with me.",True,False,False,False,False,False,False,0,0
153,cloudy. i have again bankt my house with snow for ye 3d time this winter. i feel almost sick. at home.,False,False,True,True,True,False,False,2,1
154,clear but cold and very bad walking. mr ballard and lemuel to meeting. at ditto.,True,False,False,False,True,False,False,1,0
155,clear. i was calld by friend easty to go and see his wife who was in labour. the case was performd by the wido babcock just before we arivd. i drest the infant and see to their being made comfortable. this her 3d daughter & 4th child. mrs farewel seems more comfortable. at friend easty*s. birth 8th. recvd 6/ reward.,True,False,False,False,False,False,False,0,0
156,"cloudy and some rain. i have been at home, done my work, brewd &c. am very much fatagud. at home.",False,False,True,False,False,False,True,1,0
157,"clear. cyrus and i attended at the interment of thomas lambard. reverend mr parker made ye prauer. mr capin & wife, pollard and wife, son*s jonathan & ephraim & wives, mr gill and his proseeded as mourners. we wrode in shais. at the funeral of thomas lambard. [recd][ ] letter of augst [ ] from sister waters.",True,False,False,False,False,False,False,0,1
158,clear and pleast. son ephraim*s wife worked here. shee and i went to son jonathan*s afternoon. mrs church came there. at my son*s.,True,False,False,False,False,False,False,0,0
159,"clear. i have felt very feeble this day. joanna washing at son jonathan. his wife to mrs farewel*s. mrs smith & freeman here. ephraim and lemuel planting his ground. haman to work at ye shop, lathrop came here at night. this is election day. at home, had company.",True,False,False,False,False,False,False,0,0
160,"clear. i have been at home, worked in my gardin and knit and baked. joanna has helped do house work, irond & mend hoes. shee helped me clean the sellar. at home.",True,False,False,False,False,False,False,0,0
161,"clear. son ephraim conducted his wife & babe home to house keeping. lemuel came up for her furniture. haman came up with the team afternoon. i gave him green*s and curents to carry home. mrs gill, williams and betsy dind here. i went to son jonathan*s, mrs pierce and two children there. h. b. & [mchll] pierce sleepe here, jack & ephraim allso. at my son*s. mrs gill made me a visit. ephraim*s wifewent to house keeping.",True,False,False,False,False,False,False,0,3
162,"clear part of ye day. mrs farewel went to son ephraim*s. i have been at home, done my house work &c. at home.",True,False,False,False,False,False,False,0,0
163,"clear. i have been at home, done my house work. at home.",True,False,False,False,False,False,False,0,0
164,"clear. i have done my house work and ironed. captain savage*s widdo came to see me, tarries all night. mrs dunfee came and took breakfast. at son jonathan*s ys morn.",True,False,False,False,False,False,False,0,0
165,clear. i have been feeble but had to do my work and wash. i went to son jonathan*s [and] sett up with pally. joanna smith sett with me. old mrs dunfee sleeps there. at son jonathan*s and watcht.,True,False,False,False,False,False,False,0,0
166,clear part of ye day. i have washt & done house wk. mrs [farewel] went to bennet*s and took her [ ] sent it to her daughter polly [by lemuel]. at home.,True,False,False,False,False,False,False,0,0
167,"clear. i have houghd in my gardin and done my house work. daughter ballard, mrs pierce and sally and mrs cleark & her daughter took tea here. betsy church came to help me at evening. hannah ballard and hitty pierce sleep here. wm gill brot me _ gln ginn from his father. at home, had company. the girls sleepe here. mrgills sent me _ gn ginn.",True,False,False,False,False,False,False,0,2
168,clear. i have helped joanna clean my chambers and schold cyrus*s bedstead. shee left me yesterday afternoon. at home. joanna went home.,True,False,False,False,False,False,False,0,0
169,"clear foren, cloudy afternoon, raind at evening. son ephraim with his apprentises and mr lathrop went from here this morn to work for mr whitwel. ephraim has hird a part his house. i gave him a bed bolster [&] pillows & 1 blankett & pair pillow cases. i wish him prosperity. cyrus was down, says his father has been to work with [ephraim]. i have been boiling my soap. at home. son ephraim removd his tools and some otherthings to mr whitwel*s.",True,False,True,False,False,False,True,1,2
170,clear. i worked a little in my gardin and washt wool & knit some. daughter ballard & sally pierce here to tea. mr partridge here for the plan of the jail yard. old lady cypher here for seeds. at home.,True,False,False,False,False,False,False,0,0
171,"clear part of ye day. mrs farewel returnd from son [ephraim*s] and went up as far as mr edson*s. i have been at home. nicholas shaw helped cyrus gather corn. hannah b. here for fever fue for jack pierce, he is very unwel. martha some better. at home. funeral captain john howard.",True,False,False,False,False,False,False,0,1
172,"clear. mr lambard was calld to see mr swanton who had a fitt at 3h morn. i went there yesterday morn, he was better and gone to read field. daughter pollard left her sister and went to son ephraim*s forn. mrs capin went home. i walkt from the bridg, calld at crosby*s and his father*s stors. at mr carter*s, dany*s, fletcher*s and mr andrews & son jonathan*s. [i returnd from son lambard*s]. receivd 3/ of mrs swanton, an old debt of mrs capin 1/6.",True,False,False,False,False,False,False,0,0
173,"clear part of ye day. daughter ballard here to bake, shee made nutts for ephraim. at home. jonathan*s wife baked here.",True,False,False,False,False,False,False,0,0
174,"clear and pleast. i have done my house work and sheld some corn. son lambard calld here, he was going to sydney. daughter ballard here to bake. i eat the last bread i had for breakfast and have sustained without the rest of the day. lefaett wrode here this day. luther pierce brot some wood and cut it for me. james savage came here to see mrs farewel. at home.",True,False,False,False,False,False,False,0,0
175,clear part of ye day. i am at my son*s. at ditto.,True,False,False,False,False,False,False,0,0
176,clear and cold. i have been very unwel this day. mrs farewel to son jonathan*s. at home.,True,False,False,False,True,False,False,1,1
177,"snow storm. son pollard came with a covered sleigh and took his wife and children home, left here at 4h 20m. i hope they got home safe. at home. daughter pollard went home.",False,False,False,True,True,False,False,2,0
178,"clear and very cold. i have been at home. cyrus went and carried his father*s clean cloaths, was informd of the death of jonathan runels & the wife of john bolton. may we all attend to ye call, be ye allso ready. at home. funeral of jonathan runelsof sydney.",True,False,False,False,True,False,False,1,0
179,clear and pleast. i have done my washing and had to receiv more of jonathan*s wives inpudent language. i wish her to show more maners and discretion or hold her peace for ye future. at home. cyrus been to coart.,True,False,False,False,False,False,False,0,0
180,"cloudy. haman burr conducted rachel town from mr gill*s in a sleigh. shee has not been at home since shee went to meeting last sabath day. i lold her i thought shee used me very ill, shee was very much ofended. at home, had to remove my bed into the kitchen withoutany help.",False,False,True,False,False,False,False,0,2
181,"cloudy. son lambard came and conducted his wife & babe home. ephraim better and went to the settlement. i have been at home, feel very unwel. at home. daughter lambard went home.",False,False,True,False,False,False,False,0,1
182,"clear. i have been at home, sorted apples. dr howard here to see mrs farewel, left her senna and bitters. sally washt her floors. at home.",True,False,False,False,False,False,False,0,0
183,"rainy. i have had to go thro the wet to feed my hoggs, milk my cow and pique my wood from the old loggs in ye gardin, and have sorted part of my apples and sheld some corn, part washt my room &c, &c. at home. mrs farewel is much as shee has been.",False,False,False,False,False,False,True,1,0
184,"cloudy part of ye day but very moderate. the annual meeting in this town. son ephraim returnd from belfast, his wife here yesterday night. at home. my daughter here yet.",False,False,True,False,False,False,False,0,0
185,rainy. i have done some washing and sorted part of my corn and cleand ye sellar. mrs farewel remains very feeble. jack ballard came and cutt wood for us. he brot me 2 turns of water. at home. captain swanton of bath expiredys day.,False,False,False,False,False,False,True,1,0
186,clear and pleast. lydia nud left me. son ephraim brot his wife to see me. mrs town did my washing and i did my house work. a young man by ye name of shaw came to work with my son ephraim. james wengate & wife here. at home. mr shaw came to work with son ephraim. lydianudd left me.,True,False,False,False,False,False,False,0,0
187,"clear. i have sett young trees & done other matters in my gardin. feel some what fatagued, have knit some. at home. worked in gardin, sett trees &c.",True,False,False,False,False,False,False,0,0
188,"clear. i have been at home, planted cucumbers and pumkin seed. feel fatagud. joanna returnd forenoon. daughter ballard was here, shee is feeble yet. at home. daughter ballard here.",True,False,False,False,False,False,False,0,0
189,"clear. i have worked in my gardin. sally farewel calld here, says polly and the babe are more comfortable. cyrus been to carry green*s & sallod to ephraim. at home. sally farewel calld here.",True,False,False,False,False,False,False,0,0
190,"clear part of the day. ephraim*s wife and i went to son jonathan*s. mrs black & kent there, sally farewel allso. i came home, made coffee. had lefy cowan, dolly thomas, barny lambard, hannah & sally pollard to partake with me. ephraim*s wife and babe sleep here. at son jonathan*s. mrs black [&] kent here.",True,False,False,False,False,False,False,0,0
191,"clear. i have worked in my gardin, got in the last of my beens. at home.",True,False,False,False,False,False,False,0,0
192,rainy. i have cleand my sellar and done my house work & went to see pally. find her in a greatir delirium than i have ever seen her [before]. at my son*s jonathan*s. saw him in a [greatpatian her boys.],False,False,False,False,False,False,True,1,0
193,"rainy part of the day. i am told that patty is much better, am glad it it [sic] is so. i have made 13 [dozn] candles, sent 1 dzn to son jonathan*s to replace those i have borrowed there. prudance [snow] came here to bake for my son jonathan. cyrus went to son ephraim*s to carry plumbs and apples for his father and polly. at home. mrs farewel to bennet*s & my son*s.",False,False,False,True,True,False,True,3,0
194,"clear. i have been at home lill evning whin i went to see jack pierce who is sick at my son*s. lemuel came [here] for apples and [soap]. at son jonathan*s to see jack pierce. funeral <strike>cap</strike><strike>t</strike><strike>john howard,& </strike> captain gage*s infant.",True,False,False,False,False,False,False,0,2
195,"clear. i have gatherd my hops and part of my beens, pulld my cucumbers and pickt them of ye vines. went to my son*s to see patty, shee seems to be mending; has her reason better. cyrus sett out afternoon with my wool. at my son*s, and worked in my gardn.cyrus gone with roals to mrs coal to be spun.",True,False,False,False,False,False,False,0,0
196,"clear part of the day, some showers. son ephraim*s wife and babe went from here after breakfast. i have cleand my sellar and done other [matters]. betsy washt. hannah & sally sleep here. cyrus informd me that mr cottle*s youngest child is interd yesterday day and 1 of mr crosby*s of belgrade. at home. son ephraim*s wife went home, cyrus conductedher. deaths mr cottle*s & crosby*s children.",True,False,False,False,False,False,True,1,0
197,"clear. betsy washt and ironed. i workt some in my gardin, mended a pair briaches for my husband. went to mrs farewel*s afternoon, find ephraim*s wife so well as to be at work. the babe had a turn of pain while i was there. mrs cleark and bennet came in there. at mrs farewel*s.",True,False,False,False,False,False,False,0,0
198,"raind yesterday morn, cloudy most of ye day. i have been cuting coverled raggs. joanna sewing them and doing house work. charlotte brown calld here. son ephraim finisht his jobb of wk at the school house. at home.",False,False,True,False,False,False,True,1,0
199,"clear. i have workt in ye gardin and door yard. the men to see training, ephraim to trooping. hannah, sally, martha and wm here, dind. at home. raild curent bushes & removd banking.",True,False,False,False,False,False,True,1,0
200,clear. joanna is washing. i have houghd in my gardin and knit some. son ephraim gone to plant his ground with potatoes this afternoon. cyrus is planting corn. he went foren and carried a baskett of green*s to shubael pitts*s. at home. sent a basket of green*s to mrs pitts.,True,False,False,False,False,False,False,0,0
201,"clear and cloudy by turns. i have been at home. lydia nud came for her cloaths. ephraim conducted mrs town to mr gill*s, his wife to son jonathan*s. at home. mrs town went from here to mr gill*s.",True,False,True,False,False,False,False,0,2
202,clear part of ye day. i put my cloaths out to drie. 2 mrs cleark*s calld here. mrs farewel had a fitt of feaver at night. lemuel brot her some things. at home. mrs farewl is very unwel yet.,True,False,False,False,False,False,False,0,1
203,"cloudy, snowd at night, raind allso. ephraim conducted his wife home to her marms. phebe church came to help me, shee did some house work and twisted yarn. at home. phebe church came and ephraim*s wife wenthome.",False,False,True,True,True,False,True,3,0
204,"clear. i have been geting wood and fatagued much to do it. i broke old loggs with an old hough and brot in the pieces in a baskett, and o how fatagued i was. dr howard calld to see mrs farewel. sally was at son jonathan*s on a visit. shee [informd] me at evening that my son was delermennd to come in to this house within a fortnit and that i might tarrie here [or] go and liv in their house and see how good it was to bring water from this well. o thou parent of ye universe, cutt short thine aflictions and sufer me thine unworthy hand maid to see some comfort before i go hence. at home, falagueing very much. i began to wash after 9h evening and washt my cloaths in 2 waters.",True,False,False,False,False,False,False,0,0
205,"clear and cold. i went to son jonathan*s to git him to cutt me some wood. luther pierce came and did it for me. i have sorted apples and cutt some, and done my ironing &c. daughter ballard went to help betsy andrews quilt. le faett wrode to the settlement. at <strike>home</strike> son jonathan*s to gitsome of them to cut me wood.",True,False,False,False,True,False,False,1,0
206,"clear and cold. son pollard brot his wife & two youngest children here, jonathan & his wife here allso. i have been very unwell, not able to set up but little. at home, very unwel children lo see me.",True,False,False,False,True,False,False,1,2
207,"snowd. rachel bundled up her cloaths and was going to sett out in the storm for hallowell but daughter ballard came here and insisted that shee should do my washing and clean my house. shee said it was as clean as shee found it. shee gave me the lie several times but did the washing however, was not quite so sulky after noon. at home. ephraim here at evening.",False,False,False,True,True,False,False,2,0
208,a very rainy day. i have irond and done other matters. jonathan*s wife made soap. shee has not been so noisy as shee was two days past. cyrus went down to coart. at home.,False,False,False,False,False,False,True,1,0
209,"snowd. i have been at home, washt my room, feel very unwel. jonathan*s wife came in to my room at evening, gave me a sharp reproof for doing my work. shee is an inconsidarate or very impudent woman to treat me as shee does. cyrus been to coart. at home.",False,False,False,True,True,False,False,2,1
210,clear and cold. i have been puting things in order in my house but feel very gloomy. at home.,True,False,False,False,True,False,False,1,0
211,"clear and cool. i have felt so well as to help do my work. rachel washt the floors. mrs farewel calld here. i have had a severe turn of coughing yesterday evening. cyrus went to carrie clean cloaths to his father, found him well; he dind with judge coney this day. at home. mrs farewel calld to see me.",True,False,False,False,True,False,False,1,0
212,"clear and cold. this is 50 years since i became a house keeper. i went to ye jail to see my husband, he has lambard his foot. at the jail to see my husband.",True,False,False,False,True,False,False,1,0
213,"clear part of yesterday day. i have been very unwell. lydia nud calld here. son & daughter lambard came in to see me, made me a prest of 9_ lb beef and 1_ lb butter. son town came at evening, made me a prest of a fine goos. dr barton came, he sleeps here allso. at home. friends here to see me. cyrus saw hisfathir yesterday day, he is well.",True,False,False,False,False,False,False,0,1
214,"snowd. i have had to go out to feed my swine, milk my cow, get in the wood, &c, a mr spaldin who livs with son lambard calld in and got stakes out of ye snow for me to keep a fire yesterday day. at home.",False,False,False,True,True,False,False,2,0
215,snowd part of ye day. i have been at home. ephraim down to ye selltement. at home.,False,False,False,True,True,False,False,2,0
216,"clear and warmer. i have been at home. ephraim*s wife with me, haman allso. at home. daughter [ ] here.",True,True,False,False,False,False,False,0,0
217,"clear. i feel very unwel yesterday morn but have pickt chips and done many other matters and knit some. daughter ballard and sally dind here, we had a loin of roast veal. ephraim to work for mr voce. my husband has this day seen 79 revolutions of the sun, he has ended this and began the 80 year of his age in augusta jail. at home. daughter ballard dind here. my husband hasseen 79 years yesterday day.",True,False,False,False,False,True,False,0,1
218,"clear foren, cloudy afternoon. i have baked flour bread, joanna brown and brewd and went to the settlement, and got her a pair shoes at hamlin*s. lathrop had a call to the settlement, ephraim went down. lydia hollowell took tea here. allen & thomas & williams supt and sleep here. at home. allin and thomas lambard sleephere.",True,False,True,False,False,False,False,0,1
219,"some rain. i was very unwel with a relax. daughter ballard and daughter*s here just at evening. allen lambard had a box curents, haman some hops. at home, cyrus to meeting.",False,False,False,False,False,False,True,1,1
220,"cloudy. son & daughter lambard, their babe, son jonathan, his wife, ephraim and his wife, haman & lemuel and james purington partook of a loin of veal with me but, alas, my husband is debard the favour. at home. part of my children here.",False,False,True,False,False,False,False,0,0
221,"clear and pleast. we all wint to meeting, it was communion day. i was at mr pitts*s, my husband there. mr john emery & a mr jerril [took] tea here. jonathan and his wife to mrs farewel*s, they are as well as can be expected. at meeting. the sacrament administred.",True,False,False,False,False,False,False,0,0
222,"clear. i have been at son jonathan*s to see martha. shee is unwell, has a disentary. patty doore is some better. sally farewel set out for varsalboro. at son jonathan*s.",True,False,False,False,False,False,False,0,1
223,"clear. the wife of s. babcock ye 3d here. shee gave me a piece of chees, i [gave] her [sage]. at home. mrs babcock here",True,False,False,False,False,False,False,0,0
224,clear. cyrus went to carry some of the harslet of ye calf to his father. jack ballard conducted son ephraim*s wife & babe here. at home. son ephraim*s wife and babe came here.,True,False,False,False,False,False,False,0,0
225,"clear. i have wed my nusery. betsy church did my washing and ironing. cyrus brot 9_ lb flower from ephraim. at home, unwel but worked.",True,False,False,False,False,False,False,0,1
226,"clear. i have knit some and worked some in my gardin, sowd string pea*s. at home, sowd peas.",True,False,False,False,False,False,False,0,0
227,"clear and cool wind. i have worked out doors and helped do ye washing. am very unwel at night with a severe pain in my left legg, applyd burdock leavs. at home.",True,False,False,False,True,True,False,1,1
228,clear and pleast sun. the paths hard frosen yesterday morn. cyrus & ephraim sett out at 2h morn for lincolnvill to george ulmer*s esqr. i have been very unwell. [polly] brewd and did the most of my work. shaw & burr got up all [the] wood. at home. cyrus sett out for [lincolnvill]at 2h morn.,True,False,False,False,False,False,False,0,3
229,snowd. i have been at home. mrs [getchel] here. lydia been to [ ]. at home. son jonathan has seen 41 years.,False,False,False,True,True,False,False,2,0
230,clear part of ye day. i have been giting wood and finishing my wash that i began last night after 9h evening. son jonathan*s wife here to spin thread. i brot a burthen of bark after sun sett which took me 300 & 50 steps. o thal i might be patient. at home.,True,False,False,False,False,False,False,0,0
231,"clear. i have scourd the shelvs in my buttery, washt ye floor of that and ye north room. rachel scourd my puter &c and left me to do for my self. at home. rachel town went from here to hollowell.",True,False,False,False,False,False,False,0,0
232,"clear. lemuel here, informd me my husband had lambd his foot. i killd 3 hens yesterday evening. at home.",True,False,False,False,False,False,False,0,1
233,clear. daughter ballard washt here for her self. mrs getchel here. daughter pollard & [child] went to son lambard*s at evening. at home. [some better].,True,False,False,False,False,False,False,0,0
234,"clear. i have been at home. jonathan and wife to samuel babcock*s, sally and martha with them. pierce*s children here. at home. cyrus sett out to [watervil].",True,False,False,False,False,False,False,0,0
235,"a snow storm. son pollard calld here, says his wife is cleaverly. cyrus went to see his father, finds him better than he has been. at home.",False,False,False,True,True,False,False,2,0
236,"clear. mr ballard is gone to ye meddow. i feel very unwel. my husband came home at 4h pm, took a little food. complains of feeling the pain in his stomach, but was calld by john sewall to answer an execution of 800 dollars. was by him conducted to the jail in augusta and commited. our two son*s, jonathan and ephraim were bound for the liberty of the yard for him. i pray the great parent of the universe to protect him and giv him comfort in his present tryal. at home, very unwel. my husband was this evening committdto jail on acount of the tax collection.",True,False,False,False,False,True,False,0,2
237,"clear and pleast foren, cloudy afternoon. i have been about house and done my work tho unable. daughter ballard and part of her children here at evening. hannah brot her writeing, it is well done for the begining. at home. daughter ballard here at evening. i finishta pair hoes for cyrus.",True,False,True,False,False,False,False,0,0
238,"clear. i have been piking up wood. was calld to see the wife of jerry prebble who was in labour and was safe deld of a daughter, her first born at sun sett. i tarried all night. son lambard sent me rum, butter & sugar, tea [&c] yesterday day. at mr prebble*s. birth 10th. recvd 11/3d as a reward.",True,False,False,False,False,False,False,0,0
239,"clear. mrs farewel and i went to son ephraim*s, my husband met me there. he exprest a wish for me to keep possision of this house at present. at son ephraim*s.",True,False,False,False,False,False,False,0,0
240,"cloudy morn, clear aflern. luke barton wriding in a sleigh ran it over a sheep and hurt it so it could not stand. it was my son*s sheep. i have been at home, very unwel. at home. luke barton ran over a sheep with his sleigh.",True,False,True,False,False,False,False,0,1
241,"clear. i have been at home, feel very feeble. mr samuel pierce calld to inform me of ye death of brother barton. may god be with his berieved wife, children and other connections, and may we all be ready allso. at home. samuel pierce here.",True,False,False,False,False,False,False,0,0
242,"clear and very pleast. i have been at home, helped do house work and mended stockins and knit some. at home.",True,False,False,False,False,False,False,0,0
243,"clear. i felt unwel but joanna went home afternoon. ezra town sleeps here, his father*s famely are well. at home. ezra town sleeps here.",True,False,False,False,False,False,False,0,1
244,"cloudy and rain. i attended public worship, returnd to mr pitts*s. sleep there this night. at ditto.",False,False,True,False,False,False,True,1,0
245,"clear. betsy washt. i houghd in my gardin and pikt wool. mrs stone, wicksom and chace here to tea. hannah & sally sleep here. at home, had compy. mrs farewel calldhere.",True,False,False,False,False,False,False,0,0
246,"clear and pleast. the annaversary of independance. there was an oration deliverd at augusta meeting house by a mr fuller, and another at the coart house by mr thustin whiten. i have workt in my gardin and knit some. cyrus down to hear and see. betsy pickt wool and went to her father*s. daughter ballard went to her brother babcock*s. at home. indipendance was cellibrated. an orationdeld by mr fuller of augusta.",True,False,False,False,False,True,False,0,0
247,"clear and cool. i attended public worship. reverend mr cushman performd, he discoursed from math 5 c 5 vers forenn, afternoon from mathu 10th & 35th. i was at son ephraim*s at intermition, they are well. at mr pitts*s after service, their john is unwel. old lady cox was there. i went to son jonathan*s at evening, pally seems more composed than i have seen her since shee has been sick. at meeting, son ephraim*s & [leut] pittss.mrs cox there. the frost kild my vine*s thisnight.",True,False,False,False,True,False,False,1,2
248,clear. i have done my house work and ironed. mrs coal came here foren and dind here. mrs cypher calld afternoon. cyrus been to take his father*s cloaths to him. at home. mrs coal dind here.,True,False,False,False,False,False,False,0,0
249,"clear. i workt in my gardin foren, gathered string beens and green [pea*s]. got them ready to eat, and was calld in hast to james bolton*s wife who is not very well. was there all night, very much aflicted by flees. at james bolton. i had pea*s & beens from mygardin. death [cpt jones inft.]",True,False,False,False,False,False,False,0,0
250,"clear. i have houghd cabbages, potatoes and done work in the house. cut catnip &c. cyrus conducted mrs farewel over the river. sally town & wm sofy, caroline gill here, took tea. at home. mr gill*s children here.",True,False,False,False,False,False,False,0,2
251,"cloudy morn, clear afternoon. my dear husband attended me to mr gill*s after breakfast. he came and took tea. i tarried all night. mrs gill was taken in labour about the middle of ye night and assistanc was calld in. at ditto.",True,False,True,False,False,False,False,0,2
252,clear. we all attended worship at the meeting house except lathrop. it was communion day. ezra town sleeps here yesterday night. i was at mr pitts*s at intermition. shee informd me of an infants being found in a pond in winthrop. at meeting. communion day. ezra sleepshere.,True,False,False,False,False,False,False,0,0
253,"clear. i have been at home, helped do ye house work and knit. we receivd a letter from son cyrus of 25 inst, he was then well. joanna washt. at home, recd a line from cyrus of 25 inst.",True,False,False,False,False,False,False,0,0
254,"cloudy, raind at night. daughter ballard and mrs pierce made us a visit yesterday afternoon. i have finisht sorting our corn and done [my] house work. son lambard here, he made me a prest of _ gln spirit. i have lost a portion of ye seat of life this evening. may god prepare me for his divine will and giv me composure of mind in all my tryals and may i be able to say in sincerity thy will be done. at home. son lambard, daughter ballard & mrs piercehere.",False,False,True,False,False,False,True,1,2
255,clear and cloudy by turns. i have been at home very unwel. ephraim & burr got me wood. at home. james hinkley expired.,True,False,True,False,False,False,False,0,1
256,"cloudy, some snow. i have been at home. at home.",False,False,True,True,True,False,False,2,0
257,"clear. i was calld in hast to son pollard*s, arivd at 1h pm. find his wife safe deld by old mrs savage of her 3d son & 7th child and [as] well as could be expected. child wd 11_ lb. at son pollard*s. birth 11th.",True,False,False,False,False,False,False,0,0
258,"clear. i am at mr gill*s, son lambard there at noon. at mr gill*s.",True,False,False,False,False,False,False,0,2
259,"cloudy, rain at night. wm cypher worked here. i have done my house work. betsy & lydia church here. at home, done house wk and washing.",False,False,True,False,False,False,True,1,0
260,"snowd. son lambard conducted his wife and babe here, left them with me. they tarrie all night, slept with me. i had a very ill turn in the night but, blessed be the great author of all my mercies, i got easier. son ephraim came here yesterday evening very ill with a cold. i gave him herb tea. at home. daughter lambard so kindas to com and see me. we made sausages. jonathan*s wife calld into see me.",False,False,False,True,True,False,False,2,2
261,"snowd fore n. cyrus & i tarried at home. son ephraim came here & dind. mr gill here, wisht to have me go and see 2 of his children who are sick, but i was so unwel that i could not go. daughter ballard went. at home. mr gill here, his children aresick. funeral of mr crosby*s daughter.",False,False,False,True,True,False,False,2,5
262,"cloudy, snowd at night. mr ballard and ephraim to meeting. i have been unwell. son jonathan, his wife and 6 children supt here. we had a puding and roast spare rib. i was very unwell all night but, as is usual, did with out much care taken of me. rachel to bed at 8 oclock. at home, very unwell.",False,False,True,True,True,False,False,2,3
263,"snowd. we have not been to meeting. son jonathan to sydny, ephraim and burr dind, and burr sleeps here. at home.",False,False,False,True,True,False,False,2,0
264,"clear part of the day. son cyrus came to son pollard*s. we dind on a fine turkey and he then conducted me home. i find son jonathan*s famely had taken possesion of my house. i was calld to [se] george bolton*s infant, it has a very soar head. at son pollard*s & george bolton*s.",True,False,False,False,False,False,False,0,0
265,"a rainy day, high wind at night. i had the pain return and all most dispared of life. dr man was calld in the night to see me. mrs savage came there in the night by reason of the wind being so high. shee dare not tarry in her own house. at ditto, very sick, the child is veryill allso.",False,False,False,False,False,True,True,1,2
266,"clear part of the day. son & daughter pollard and part of thier children here. shee went on to see her father. i went afternoon conducted by lemuel witham, a lad who is com to work with son ephraim. i returnd at evening very unwell. lemuel went to take son lambard*s hors and sleigh to jones*s for jonathan and him to come up in but not finding them ready to come returnd with it. they came up on foot and jonathan came here with out his hat. took him from his supper, pusht him out adors, drove him home to his house damning and pushing him down and struck him. shaw and burr went on after to prevent his being deprived of life. i followed on falling as i went till meeting daughter lambard was assisted by her. i reacht his house, find him cursing and swearing he would go and giv him a hard whiping. my daughter lambard desired haman to go and conducted him to ephraim. he went and tarried all night. son lambard brot me home in his sleigh. o that the god of all mercy would forgiv him this and all other misconduct. at shubael pitts*s, feel very unwel and what a sceanhad i to go at evening. may a good god support me. funeral mr james hinkley of hollowell, his death was very suden.",True,False,False,False,False,False,False,0,3
267,snowd. at home. mrs town here. at home.,False,False,False,True,True,False,False,2,0
268,"clear part of ye day. i have been at home, feel very unwel. mrs farewel is much as shee was. sally been to mr bennet*s. lemuel came here, brot some beef & fish to mrs farewel from son ephraim. daughter ballard sent me some roast veal. brother barton departed this life yesterday day, and james snow in ye coars of the night. at home, feel unwel. dr barton expird,james snow also.",True,False,False,True,True,False,False,2,2
269,"clear. i have dug ground. sowd beets, carrots, early peas, safron and other matters. i then walkt to shubael pittss. saw my dear husband there, partook of a dish of tea with him. then to my great mortification, he left me and went to his place of destination, where i wish him the presence of the great parent of the universe. at pitts*s. the school house was raised, my husbandattended.",True,False,False,False,False,False,False,0,0
270,"clear. i went to lecture, wrode son ephraim*s mare. at lectur.",True,False,False,False,False,False,False,0,0
271,"clear. i returnd home, left the patient better. was informd that ye infants of captain jones and edmond warin were dead. [ba ] smith washt for self here and [dind] with me. i am informd of the death of mrs robinson at the 4 corners. i have sett cucumbers & cabbages. cyrus gone to the settlement. we had a heavy shour. the wind was very severe at the fort, did some damage to rafts &c. joanna smith sleeps here. son ephraim & lemuel <strike>slee</strike> supt here. at bolton*s. funeral mrs robinson*s, captjoness & e. warin*s infants.",True,False,False,False,False,True,False,0,0
272,"clear except light showers. i have been very unwel. cyrus butcherd our calf, went to markit with one quarter & ye skin. hannah and sally pollard sleep here. at home. hannah & sally sleep here.",True,False,False,False,False,False,True,1,1
273,clear and very warm. mr stone came to see my children. at ditto.,True,True,False,False,False,False,False,0,0
274,"rainy. son ephraim here, informs his father has broke his bond*s and that he expects his property will all be atached [this] day. would the parent of all mercy enable me to support under all the tryals he is pleased to lay upon me and take me to him self in his own time. at home. my troubles are of the [mind].",False,False,False,False,False,False,True,1,1
275,clear. i have done my washing. old mrs mosier came here at evening and sleeps here. i feel fatagued. mrs bolton dind here. at home. mrs farewel to varsalborough.,True,False,False,False,False,False,False,0,0
276,"clear and very warm. thee remains of son ephraim*s infant were interd. reverend mr parker made the prayer. i left them and came home about sun sett, wint to jonathan*s and helped take care of patty thro the night. hir father sett up with me. at the funeral of son ephraim*s infant.",True,True,False,False,False,False,False,0,0
277,"cloudy and a heavy shower. i have pikt wool and sitt plants. i went to my son*s to see jack pierce, he seems very sick. betsy went and helped bathe his feet and get him to bed. lydia church here for cherrys and curents. at my son*s. lydia church here.",False,False,True,False,False,False,True,1,1
278,"clear. daughter pollard sent a hors to bolton*s for me. i went there, and to mr woodward*s to see his child who is not well. was calld back at evening. at ditto & at son pollard*s. death [edmd]warins infant.",True,False,False,False,False,False,False,0,0
279,"cloudy, raind some. i have been at home. joanna went to leut wm stone*s, he sent me 6/ in part of my due. at home. leut wm stone crdtby cash 6/ [ <strike>rewd</strike>].",False,False,True,False,False,False,True,1,0
280,"clear, a westerly wind. i have dug ground and planted poland beens in my gardin. feel much fatagued. the children helped me some. allen said he wisht to help me. at home, planted bean*s.",True,False,False,False,False,True,False,0,0
281,"clear. sally washt, son ephraim and wife here. my husband sent me 1 qt ginn, 1 lb sugar & _ lb shushon tea. son jonathan brot me 1 qt brandy. at home. son ephraim & wife here.",True,False,False,False,False,False,False,0,0
282,snowd. i have finisht a pair mitts for wm gill and helped do house work. mrs town here yett. at home.,False,False,False,True,True,False,False,2,1
283,"clear and cool. i feel more comfortable for which i wish to giv god praise. have been at home. daughter ballard & mrs getchel here. 6 grand children dind here, 3 sleep here. at home. daughter ballard here.",True,False,False,False,True,False,False,1,0
284,"clear part of ye day. i did part of my house work. son lambard came and informd me his [child] was wors. i set out and went there, find him very ill. was up with him a number of times thro the night. betsy kumbal watcht. at son lambard*s, thomas very ill indead.",True,False,False,False,False,False,False,0,2
285,"clear. i have been at son pollard*s, my daughter cleverly. oliv fletcher came to nurs her. at [do].",True,False,False,False,False,False,False,0,0
286,"clear part of ye day, snowd before night. cyrus went to carrie his father*s clean cloaths. mrs farewel calld to see me. haman burr sleeps here, informs me that son pollard*s babe is unwell. at home. mrs farewel calld to see me.",True,False,False,True,True,False,False,2,1
287,clear part of yesterday day. dr barton and son town left here after break fast. i have done my house work but feel very unable. daughter ballard calld in to see me. i sent mrs getchel 5/3d on rachel town*s acount which was all that was due from me to her. at home.,True,False,False,False,False,False,False,0,0
288,"clear and shoury by turns. i went to lecture. we had a stranger performd. i was at mr pitts*s, shee is very unwel. a young man by ye name of eaton came here at evening, his business was with betsy church. at lecture & at mr pitts*s.",True,False,False,False,False,False,False,0,1
289,"clear and warm. ephraim*s wife was safe deld at 4h and 40m y morn of a daughter, her first child. it wd 6_ lb. shee was very faint after delivery. i tarried with her till near 2h pm when i left her and infant comfortable. was fatagued watking home, went on to the bed and rested the remainder of ye afternoon. at mrs farewel*s. birth 5th. at 4h 40m yesterday morn.",True,True,False,False,False,False,False,0,1
290,cloudy and some rain. i have been doing my soap. daughter lambard and rhoda pollard took tea here. cyrus been to hollowell for 3 sheep. joanna did house work and pickt wool. at home. daughter lambard calld here.,False,False,True,False,False,False,True,1,0
291,"clear. mrs getchel went to son jonathan*s. i went to son ephraim*s, his babe is very sick. i tarry yesterday night. at son ephraim*s.",True,False,False,False,False,False,False,0,1
292,"clear foren, frosty morn, cloudy afternoon. i helped joanna wash and went to my son*s, find his wife feeble and martha sick with a pain in her ear. le faett is better. son ephraim been hewing timber in the woods. i sent dinner for him, lemuel and 2 others. at son jonathan*s, his wife and [matha]unwell.",True,False,True,False,False,False,False,0,2
293,"clear. mrs farewel calld here, shee was going to the settlement. daughter ballard sent for me afternoon shee being in labour, and was deld of a dead son before sun sett; untimely birth. i tarried all night, mrs farewel & smith also. at son jonathan. birth 3d. premature.",True,False,False,False,False,False,False,0,0
294,"clear. my daughter was very ill at night. we were up with her the most of the night. i feel feeble. at [ditto], my daughter unwel.",True,False,False,False,False,False,False,0,2
295,"clear. son*s pollard and lambard, their wives and part of their children came here. rhoda, hannah, samuel & dolly tarried here, their parents went to meeting. mr black and oldest daughter came with them after meeting and partook with me of a turkey my husband sent to me since he went from home. son ephraim and mary farewel were joind in wedlock this evening. at home. my children here,mr black allso. son ephraim was married to mary farewel, oldestdaugt to ye widdow.",True,False,False,False,False,False,False,0,0
296,"clear and pleast. i have done about soap work and knit some, have not been very well. ephraim been down to trie to have his father liberated but did not sucksceed. we are informd that judge north*s store was consumed by fire this morn. mr gill*s loss is very considerable. mr eadds & famely, and a mr allen, were turnd out by this calamity. mrs getchel here yesterday evening. at home. judge north*s store was burnt.",True,False,False,False,False,False,False,0,1
297,"clear and pleast sun. i put on my grees and ley to boil. have knit, finished a legin which i began the day before yesterdy afternoon, and began ye 2nd yesterday evening. son ephraim brot his tools up to ye shop and began to fix to work. he and haman sleep here, took supper. at home. ephraim returnd to wk in ye shop.",True,False,False,False,False,False,False,0,0
298,clear and cold. i have been at home over hauling papers. cyrus went down with his father*s cloaths. at home.,True,False,False,False,True,False,False,1,0
299,clear. mrs conrey washt. shee was calld by william stickney to nurs his wife. polly allen came at evening. at ditto. mrs conrey [went] away.,True,False,False,False,False,False,False,0,1
300,clear and cool. mr shaw took breakfast here. son ephraim paid him for the work he has done for him. he left here bound to parris where his parents liv. at home.,True,False,False,False,True,False,False,1,0
301,"clear part of ye day, raind afternoon. a very clear evening. i have been at home. samuel cleark*s wife here forn, sally farewel afternoon. i have sett cabage stumps & turnips, sowd pepper grass and leutice and removd banking from ye house and knit some. i made nutt cakes for supper. at home, done various sorts of work.",True,False,False,False,False,False,True,1,0
302,cloudy & some rain. i was at my son*s till near night when mr gill sent for me to see his wife who has been very sick and is feeble yet. tarrie all night. ephraim*s babe seems easier. [at] ditto and at mr gill*s.,False,False,True,False,False,False,True,1,4
303,"clear. i have bakt white & bn bread and workt in my gardin. [isaac] waters, son of my sister, dind here. i was calld at 10h evening to see son ephraim*s wife who was in labour. i walkt there. cyrus wend to call ephraim to attend to his wives sickness. he reacht mrs farewel*s at 11, went and conducted jonathan*s wife there. at mrs farewel*s at night. my nephue isaac watersdind here.",True,False,False,False,False,False,False,0,1
304,"raind some. i have worked in my gardin. betsy washt the rooms. cyrus went and carried green*s to mrs pitts. i was very severly exercised with my pain, went to bed early. at home, very ill at evening.",False,False,False,False,False,False,True,1,1
305,"clear. i have been cleaning the buttery, finisht my soap. sowd some peas south of ye house, dug chips in the door yd &c. mrs farewel calld here. lemuel is 15 years old yesterday day. joanna cleand house. cyrus & nicholas shaw planted potatoes & yoaked the hoggs. at home. mrs farewel calld here.",True,False,False,False,False,False,False,0,0
306,"clear and warm. isaac waters came here foren, he and i [dind] at son jonathan*s. he sleeps here, mr purington and his wife allso. i have worked some in my gardin and done my house work. at home. [hav] my son*s have company afternoon.",True,True,False,False,False,False,False,0,0
307,"clear. mrs farewel went to mr bennet*s, cyrus to carry his father*s cloaths. daughter ballard and mrs getchel took tea here. mrs g. and her son sleep here. at home. hear ephraim*s babe is no better.",True,False,False,False,False,False,False,0,0
308,clear and warm. i did my house work and went to lecter and to see son ephraim*s babe. find it is no better. hear mrs gill is very low yet. at lecter & at son ephraim*s.,True,True,False,False,False,False,False,0,1
309,"cloudy morn, warm day. cyrus and i tarried at home. jonathan, his wife and 2 youngist children here to tea. mrs farewel returnd from son ephraim*s, informs me the infant is very sick again and that her [daughter] sally is unwel. i receivd a letter from brother elijah and wrote to him in return. at home. lemuel here for sauce. had beens, squash,cucumbers & apples. he brot a leller from brorelijah of 7th inst. i wrote answr.",False,True,True,False,False,False,False,0,2
310,"clear morn, a rain bow in ye west. cloudy afternoon, raind some at evening. i have finisht a pair hoes for cyrus, began one for my husband, worked some in my gardin. sally farewel, mrs babcock & pierce calld in to see me. lemuel is gone to sydni for ephraim*s mare and jonathan*s oxen. mercy here to spin thread, joanna to my son*s to twist yarn. at home. the remains of the wife of john pinkam interd this day.",True,False,True,False,False,False,True,1,0
311,"clear part of yesterday day. i have been at home, done some house work, some mending and removd some of ye banking from ye house. cleand the hen house. joanna went to her father*s afternoon. hannah, sally, martha, ephraim [&] [wm] here. at home. joanna went home afternoon.",True,False,False,False,False,False,False,0,0
312,"raind. i am at son ephraim*s, his chimney is building by [mr] saunders. at son ephraim*s, he is very lambe",False,False,False,False,False,False,True,1,0
313,clear. i knit some and tryed hoggs lard. at ditto.,True,False,False,False,False,False,False,0,0
314,"clear but i could not go to meeting. mrs getchel and fanny hodge*s were in to see me. lydia at meeting. son lambard came for me to go & see his wife who is very unwell. i find captain jones*s lady takeing care of her. at son lambard*s, my daughter is sick.",True,False,False,False,False,False,False,0,2
315,clear. i have been at home. mrs getchel*s daughter*s & hannah ballard spent evening and took tea with me. at home.,True,False,False,False,False,False,False,0,0
316,clear and cold. i was at meeting and went home. lambard & wife to son pollard*s. at meeting.,True,False,False,False,True,False,False,1,0
317,"clear. i have been at home seting my house in some order, sorted apples &c. at home.",True,False,False,False,False,False,False,0,0
318,"clear. daughter ballard and mrs getchel and part of their children here afternoon. mr gill, his wife and mrs pitts here at evening. lydia gone to visit her sister*s. i have been at home, not very well. at, had compy.",True,False,False,False,False,False,False,0,1
319,clear part of the day. my daughter some better. i tarried all night. at ditto.,True,False,False,False,False,False,False,0,0
320,clear. daughter lambard had an ill turn. we gave her feaver fue and shee is better. at ditto.,True,False,False,False,False,False,False,0,1
321,"clear. haman and lemuel to hear mr stone, lathrop to hear mr fog. joanna to the school house east side. i have done my work, feel falagued. at home. joanna returnd at dusk.",True,False,False,False,False,False,False,0,0
322,clear and cold for april. we have all been at home. the widdo savage came here foren from james savage*s. shee tarries all night. at home. widdo savage came here.,True,False,False,False,True,False,False,1,0
323,"clear part of ye day, raind at night. i went to son jonathan*s and dind. samuel babcock & wife & mrs pierce there, son ephraim allso. lemuel came with the oxen and mare and two piggs for ephraim. at my son*s, her sister hitty there.",True,False,False,False,False,False,True,1,0
324,"clear. i have washt my kitchen and ironed and mended my husbands cloaths, and worked on my soap. daughter ballard took tea here, sally & martha allso. mr hussey and getchel were here. at home. a mr thwing came for me but i did not go.",True,False,False,False,False,False,False,0,0
325,"clear part of ye day, raind at 10h evening. i have harvested beens and done other matters in my gardin. hear the babe is no better. at home.",True,False,False,False,False,False,True,1,0
326,"clear. i have done my house work and ironed my cloaths. mrs farewel returnd at dusk, informs that ephraim*s infant is no better. at home. mrs [farewl] came home.",True,False,False,False,False,False,False,0,0
327,"clear. mr purington & wife left here after breakfast, mr waters allso. cyrus to meeting. haman took supper here. at home, cookt a legg of pork.",True,False,False,False,False,False,False,0,0
328,"clear part of the day, raind foren. i have had collic symtoms but feel better. ephraim & his men and cyrus all staid at home. joanna went home yesterday morn. [at home, feel unwell].",True,False,False,False,False,False,True,1,1
329,"clear, a warm sun, w wind, cool at evening. i did my house work. son town left here after breakfast. i went afternoon to see mrs farewel, the first time i have been in her house since shee lived in it. at mrs farewel*s. cyrus to coart.",True,True,False,False,True,True,False,1,0
330,"clear and warm. joanna smith washt for me. i have done house work, mended trousers for cyrus, planted potatoes & cucumbers east side the house. cyrus been to hear coart. i have had a number of faint turns this day. lemuel took son ephraim*s piggs from here. my son here at evening. at home. joanna washt for me.",True,True,False,False,False,False,False,0,0
331,"clear. i have been at home, done my house work but am feeble. mrs farewel calld and informd me the babe was very sick yet. mr purington here for camomile for his son james. he is very unwell. <strike>lemuel sleeps here. </strike> at home. mrs farewel here.",True,False,False,False,False,False,False,0,2
332,"clear. i went to son ephraim*s to see the babe, find it very unwell. i tarried all [night], administred clisters but it had a restless night. at son ephraim*s to see ye babe.",True,False,False,False,False,False,False,0,1
333,"clear. joanna to meeting. i have been to my son*s, his wife is as well as can be expected. marcy babcock came to help her. oliv & rebeckah fletcher sleep here. it is fast day. at son jonathan*s. oliv and becky fletchersleep here.",True,False,False,False,False,False,False,0,0
334,"clear. i have been at home, helped do ye house work & knit some. we baked. mercy babcock baked for my son*s famely. at home.",True,False,False,False,False,False,False,0,0
335,"clear part of ye day, snowd before night. son and daughter pollard & babe here, sett out for home in ye storm. i have had a night of pain and sorrow. at home. son & daughter pollard here.",True,False,False,True,True,False,False,2,0
336,"clear. daughter lambard & i to mr swanton, they removd a shop. at ditto & swanton",True,False,False,False,False,False,False,0,0
337,"clear and cold. i tarried at mr thwing*s till evening. my husband dind and took tea there. son jonathan conducted me home. i feel fatagued. nay god reward my friends. at ditto, my husband there allso. i [paid] mrscypher 2/11 for their favour.",True,False,False,False,True,False,False,1,1
338,"clear. i have washt. sally removd into my north room. dr coney to see her. i was calld at evening to daughter lambard, shee was safe deld at 11h evening of her 4th son & 6th child. it wd 12_lb. shee is cleverly. at son lambard. birth 9th.",True,False,False,False,False,False,False,0,0
339,"clear. i have sorted apples and measured my corn, had 15 bushel ears. at home.",True,False,False,False,False,False,False,0,0
340,"snowd & raind. i went down to mr thwing*s. my husband came and spent afternoon with me, he dind and took tea there, but must go up the hill at night. may the great parint giv him patiense and composeur of mind. at mr thwing*s. my husband met me there.",False,False,False,True,True,False,True,3,1
341,clear. i was at ditto knitting. at ditto.,True,False,False,False,False,False,False,0,0
342,"clear. i do not feel very well, had a very severe turn of the cramp in the night past; have been at home. at home.",True,False,False,False,False,False,False,0,0
343,clear and very pleast. joanna washt. i have done some work in my gardin but what pain i have had in my feet and leggs this afternoon. at home. worked some in my gardin.,True,False,False,False,False,False,False,0,0
344,clear. i came home before sun rise. joanna went and helped my daughter till afternoon when shee came home and baked. i feel very much fatagued. oliv fletcher is with my daughter this night. at home.,True,False,False,False,False,False,False,0,1
345,"clear. at my son*s. gave the babe rheubarb, it seems a little easier. i went to ephraim*s new house and to mr partridge*s. sent a letter to brother elijah, wrote and enclosd my of ye [19th]. [at ditto]. wrote again to my brother, sent it bya mr brigg.",True,False,False,False,False,False,False,0,0
346,clear. i have washt and done my house work. daughter ballard and mrs farewel took tea here. lemuel sleeps here. the babe is much as it has been. at home. mrs farewel & daughter ballardhere.,True,False,False,False,False,False,False,0,0
347,"clear till near night when it sprinkled a little rain. cyrus been to hear coart. i have bakt & brewd and done some in my gardin. sett 4 cabbage plants in the middle of the day. put ye tops in cold water 1 hour then sett them. mrs farewel took tea with me. her daughter sally here forenn, brot me some butter from her marm. lemuell sleeps here. at home. our cow calvd.",True,False,False,False,True,False,True,2,1
348,clear. i have worked in the gardin. cyrus ploughd the door yard. mrs farewel here to tea. son town sleeps here. at home. son town sleeps here.,True,False,False,False,False,False,False,0,0
349,"shoury. cyrus and ephm to meeting. i have sufered much with faintness this day. john jones had a bill for prayers on the death of his brother. at home, feel very feeble.",False,False,False,False,False,False,False,0,1
350,"clear foren, thunder and rain afternoon. i have transplanted squash and cucumbr plants. planted a fue potaloes, swept ny chambers and done my other house wk. at home. worked some in my gardin.",True,False,False,False,False,False,True,1,0
351,clear. son town left here after breakfast. he has seen 50 years this day. i have been doing house work and went to my son*s to see the girl who is unwel. my daughter absent. at my son*s to see pally doore.,True,False,False,False,False,False,False,0,1
352,cloudy part of yesterday day. i have been helping do house work. we brewd and have soap in hand as ye hoops of ye barril sprung which made it necessary. i look the top hoop and put it to the bottom and so i made it do. it was not so when i had a husband with me. at home.,False,False,True,False,False,False,False,0,0
353,"clear foren, cloudy afternoon. rachel & joanna smith here on a visit. my washing was done yesterday day. i finisht a pair hoes for my husband. [at home, had compy.]",True,False,True,False,False,False,False,0,0
354,"clear. i was at my son*s yet, his wife is not so well. i tarried this night allso. at ditto.",True,False,False,False,False,False,False,0,0
355,"clear. son lambard conducted the women home and went for mrs conrey to nurs, arivd with her at 3h yesterday morn. at ditto.",True,False,False,False,False,False,False,0,0
356,clear. old mr gill & wife at his son*s. son ephraim came and conducted me home. at ditto at evening.,True,False,False,False,False,False,False,0,1
357,"clear part of ye day. mr gill brot mrs town to our house. i have been at home, knit mitts for son cyrus. at home. mrs town came here.",True,False,False,False,False,False,False,0,1
358,clear. my daughter is cleverly. at ditto.,True,False,False,False,False,False,False,0,0
359,"clear. i left my daughter more comfortabl, returned home, wrote to sister waters. cyrus went to mr lambard*s to leav it for conveyance. daughter pollard was there. betsy andrews here this afternoon. haman burr been to conduct old mrs farewel to varsalboro. at ditto. came home foren. i wrote to my sisterwaters.",True,False,False,False,False,False,False,0,0
360,"clear and pleast. i was prepareing to go and see my husband but could not have hors nor sleigh. so i larried at home. at home. cyrus returnd mr hovey*s sleigh, gave 2/6for ye use.",True,False,False,False,False,False,False,0,0
361,"a storm of rain and snow. jonna did house work, ironed and spun some. i began a stockin for son cyrus. son ephraim sent his mare to sydney to be kept. at home, began a stockin.",False,False,False,True,True,False,True,3,0
362,"clear part of ye day. i have been at home, mended mr ballard*s velvet breaches and done some matters about house, feel fatagued. at home.",True,False,False,False,False,False,False,0,0
363,"cloudy morn, clear afternoon. mrs farewel went down on business about the road being taken from her. i have washt. daughter ballard and mrs [trask] here. son town supt and sleeps here. at home, did my washing. son town sleeps here.",True,False,True,False,False,False,False,0,0
364,clear except a shower. i have worked in my gardin and done house work. plantd a few hils potaloes west of ye house. at home. cyrus been to coart.,True,False,False,False,False,False,True,1,0
365,"clear. i have worked in my gardin, transplanted cucumbers &c. done my house work. have felt better than i did ye 2 days past. cyrus down to the settlement, brot me 2 quarts ginn which mr gill sent to me. at home. planted potatoes south sideof ye gardin.",True,False,False,False,False,False,False,0,1
